Protocol,MyDevice_ip,MyDevice_port,Client_ip,Client_port,StartTime,LastTime,Fin,InitWinBytesBwd,InitWinBytesFwd,BwdTotPacketLength,BwdTotPackets,BwdPacketLengthMin,BwdPacketLengthStd,BwdPacketLengthMean,BwdPacketRate,FwdHeaderLength,FwdTotPackets,PacketLengthStd,AveragePacketSize,FlowIATMin,FlowIATMax,FlowIATTotal,FlowDuration
TCP,192.168.50.115,58063,31.13.87.1,443,1704098167575,1704098169222,false,261,0,36392,85,66,515.1492794027805,428.1411764705882,22.09593199757134,0,0,515.1492794027805,428.1411764705882,0,186,1636,1647
TCP,192.168.50.115,58063,31.13.87.1,443,1704098167575,1704098169222,false,0,44,0,0,0,0,0,0,2180,109,464.60026504397615,350.73394495412845,0,198,1503,1647
TCP,192.168.50.115,57999,192.168.50.221,22,1704098167674,1704098168772,false,0,4966,0,0,0,0,0,0,80,4,43.8520238985614,107,129,869,998,1098
TCP,192.168.50.115,57999,192.168.50.221,22,1704098167774,1704098168772,false,3258,0,236,2,118,0,118,0.23647294589178355,0,0,0,118,0,0,0,998
